total_demand,total_shipped,fill_rate,total_unmet
1073644952.2030685,1072806229.0699394,0.9992188077339644,838723.133129257
