total_demand,total_shipped,fill_rate,total_unmet
1288373942.6436822,1287367474.883927,0.9992188077339643,1006467.7597551076
