total_demand,total_shipped,fill_rate,total_unmet
1073644952.2030685,1070498733.6803282,0.9970695912868734,3146218.5227401536
