total_demand,total_shipped,fill_rate,total_unmet,scenario
1073644952.2030684,1072806229.0699394,0.9992188077339644,838723.133129257,baseline
1288373942.6436822,1287367474.883927,0.9992188077339644,1006467.7597551076,demand_up_20pct
1073644952.2030684,1070498733.6803282,0.9970695912868734,3146218.5227401536,lead_time_6
